Tahun Rilis,Rank,Nama Game,Diskon,Harga,Rating,Tanggal Rilis,Followers,Online Saat Ini,Peak Pemain
2019,46.,Destiny 2,0%,Free,79.01%,01 Oct,"719,675","23,683","316,750"
2019,50.,Hunt: Showdown 1896,-50%,Rp 127500,72.01%,27 Aug,"487,821","11,991","60,124"
2019,78.,STAR WARS Jedi: Fallen Order™,-75%,Rp 119750,87.54%,15 Nov,"205,752","2,262","46,550"
2019,81.,Blasphemous,-90%,Rp 19999,88.56%,10 Sep,"90,902","2,274","3,465"
2019,121.,Oxygen Not Included,-70%,Rp 35999,95.39%,30 Jul,"396,429","10,600","27,486"
2019,131.,Assetto Corsa Competizione,-75%,Rp 112250,90.78%,29 May,"139,112","1,038","12,376"
2019,133.,Red Dead Redemption 2,0%,Rp 879000,91.05%,05 Dec,"875,506","23,939","99,993"
2019,148.,Trailmakers,-75%,Rp 29999,90.41%,18 Sep,"72,105","1,472","4,898"
2019,156.,Mortal Kombat 11,0%,—,86.94%,23 Apr,"168,432","1,467","35,147"
2019,185.,Total War: THREE KINGDOMS,-75%,Rp 135249,71.57%,23 May,"499,140","3,781","192,298"
2019,218.,Age of Empires II: Definitive Edition,0%,Rp 299500,93.62%,14 Nov,"261,984","15,094","38,725"
2019,221.,Need for Speed™ Heat,-90%,Rp 75900,82.94%,08 Nov,"136,411","2,010","86,196"
2019,241.,Atelier Ryza: Ever Darkness & the Secret Hideout,-75%,Rp 192500,84.54%,29 Oct,"95,853",232,"4,616"
2019,308.,Valve Index® Controllers,0%,—,—,28 Jun,"7,281",—,—
2019,320.,Green Hell,-75%,Rp 29999,84.75%,05 Sep,"293,645","1,875","20,003"
2019,325.,Planet Zoo,0%,Rp 440278,89.76%,05 Nov,"356,035","2,106","38,630"
2019,338.,Metro Exodus,-80%,Rp 64200,88.64%,14 Feb,"410,711",589,"15,375"
2019,358.,Sekiro™: Shadows Die Twice - GOTY Edition,0%,Rp 891000,94.27%,21 Mar,"625,837","3,864","125,315"
2019,363.,DEAD OR ALIVE 6,-85%,Rp 115500,73.29%,01 Mar,"69,206",110,"2,107"
2019,366.,Halo: The Master Chief Collection,0%,Rp 599000,91.36%,03 Dec,"482,146","4,765","161,024"
2019,401.,The Sims™ 4 Island Living,-60%,Rp 191600,63.39%,20 Jun,—,—,—
2019,423.,Tropico 6,-62%,Rp 156453,85.69%,29 Mar,"115,741",749,"15,294"
2019,469.,MX Bikes,0%,Rp 284999,92.28%,07 Oct,"22,744","3,297","5,256"
2019,470.,Anno 1800,0%,Rp 619000,79.68%,16 Apr,"151,388","2,050","25,302"
2019,477.,Beat Saber,0%,Rp 245999,94.04%,21 May,"159,622",407,"4,472"
2019,494.,Kindergarten 2,0%,Rp 130999,94.28%,30 Jul,"8,796",219,"1,060"
2019,511.,Katana ZERO,-40%,Rp 78599,96.37%,18 Apr,"97,546",198,"1,575"
2019,515.,Space Engineers,0%,Rp 149999,87.46%,28 Feb,"338,195","3,626","23,888"
2019,529.,DiRT Rally 2.0,-30%,Rp 83999,86.79%,26 Feb,"109,859",544,"5,080"
2019,542.,Slay the Spire,0%,Rp 211000,96.54%,23 Jan,"225,131","10,284","33,086"
2019,558.,Pikuniku,-75%,Rp 28749,92.88%,24 Jan,"21,616",147,"2,123"
2019,563.,The Sims™ 4 Discover University,-60%,Rp 191600,42.17%,14 Nov,—,—,—
2019,618.,ARK: Genesis Season Pass,0%,Rp 130999,53.41%,08 Aug,—,—,—
2019,628.,Generation Zero®,-70%,Rp 62099,70.83%,26 Mar,"162,769",312,"11,416"
2019,701.,コイカツ！ / Koikatsu Party,0%,Rp 441933,88.49%,10 Jun,"87,601",161,398
2019,708.,Bloodstained: Ritual of the Night,-75%,Rp 137500,91.87%,18 Jun,"106,370",345,"26,934"
2019,710.,theHunter: Call of the Wild™ - Yukon Valley,-60%,Rp 29600,80.37%,25 Jun,—,—,—
2019,800.,Darksiders Genesis,-80%,Rp 41999,80.41%,05 Dec,"61,863",76,"6,433"
2019,825.,The Wild Eight,-90%,Rp 19900,67.07%,03 Oct,"153,997",229,"2,538"
2019,852.,Valve Index® Headset,0%,—,—,28 Jun,"10,743",—,—
2019,886.,The Sims™ 4 Realm of Magic,-30%,Rp 167300,63.71%,10 Sep,—,—,—
2019,913.,WolfQuest: Anniversary Edition,0%,Rp 165999,94.92%,26 Jul,"25,598",589,"2,383"
2019,916.,Dead by Daylight - Stranger Things Chapter,0%,Rp 131890,88.73%,17 Sep,—,—,—
2019,922.,Expansion - Hearts of Iron IV: Man the Guns,-70%,Rp 64499,50.29%,28 Feb,—,—,—
2019,949.,Dead by Daylight - Ghost Face®,-30%,Rp 38423,80.63%,18 Jun,—,—,—
2019,958.,People Playground,0%,Rp 69999,97.46%,23 Jul,"92,340","3,457","17,015"
2019,967.,Lords Mobile: Pacific Rim War,0%,Free,65.70%,03 Jun,"12,049",836,"6,224"
2019,1021.,The Long Drive,0%,Rp 139999,88.53%,25 Sep,"69,801",279,"4,375"
2019,1044.,Game of Thrones Winter is Coming,0%,Free,59.80%,14 Nov,"15,203",391,"1,681"
2019,1058.,A Dance of Fire and Ice,0%,Rp 48999,92.49%,25 Jan,"71,591",670,"9,330"
2019,1068.,ACE COMBAT™ 7: SKIES UNKNOWN,0%,Rp 550000,86.12%,31 Jan,"166,222",433,"13,758"
2019,1075.,Resident Evil 2,0%,Rp 319999,95.75%,25 Jan,"301,335","2,708","74,227"
2019,1076.,My Friend Pedro,-80%,Rp 33199,93.60%,20 Jun,"80,449",48,"7,117"
2019,1078.,Disco Elysium - The Final Cut,0%,Rp 169999,91.78%,15 Oct,"217,546","1,225","8,081"
2019,1079.,Transport Fever 2,0%,Rp 299999,88.51%,11 Dec,"108,963","1,732","24,308"
2019,1083.,Necesse,0%,Rp 129999,91.35%,12 Dec,"82,205",525,"12,346"
2019,1111.,Trine 4: The Nightmare Prince,-80%,Rp 27999,86.84%,08 Oct,"44,508",58,"1,744"
2019,1121.,Command: Modern Operations,-60%,Rp 241999,81.25%,14 Nov,"23,561",109,316
2019,1128.,Derail Valley,0%,Rp 299999,93.11%,25 Jan,"25,730",452,"2,950"
2019,1148.,FIVE NIGHTS AT FREDDY'S: HELP WANTED,0%,Rp 139999,93.34%,28 May,"28,615",47,785
2019,1155.,Children of Morta,-80%,Rp 24449,86.85%,03 Sep,"98,088",194,"4,381"
2019,1182.,Blush Blush,0%,Free,84.52%,04 Apr,"12,380",842,"2,581"
2019,1191.,Barony: Myths & Outcasts,0%,Rp 37999,84.96%,23 Feb,—,—,—
2019,1192.,theHunter: Call of the Wild™ - High-Tech Hunting Pack,-60%,Rp 15199,67.64%,18 Sep,—,—,—
2019,1221.,Valve Index® Base Station,0%,—,—,28 Jun,"6,516",—,—
2019,1280.,Barony: Legends & Pariahs,0%,Rp 37999,81.05%,27 Dec,—,—,—
2019,1282.,SpaceEngine,0%,Rp 245000,93.26%,11 Jun,"76,367",136,596
2019,1321.,Gears 5,0%,Rp 424500,69.37%,10 Sep,"74,828",372,"10,196"
2019,1340.,theHunter: Call of the Wild™ - Trophy Lodge Spring Creek Manor,-60%,Rp 15199,65.92%,11 Apr,—,—,—
2019,1355.,theHunter: Call of the Wild™ - Weapon Pack 2,-60%,Rp 15199,72.24%,28 Feb,—,—,—
2019,1370.,Steel Division 2,0%,Rp 479000,77.66%,20 Jun,"65,813",216,"2,260"
2019,1374.,Blood Trail,0%,Rp 119999,78.64%,27 Mar,"12,788",68,506
2019,1380.,Muse Dash,0%,Rp 37000,88.84%,20 Jun,"142,183",412,"11,478"
2019,1411.,Devil May Cry 5,0%,Rp 423999,94.72%,08 Mar,"304,476","1,816","88,894"
2019,1435.,Arma 3 Contact,0%,Rp 330000,66.83%,25 Jul,—,—,—
2019,1439.,The Sims™ 4 StrangerVille,-30%,Rp 167300,65.11%,26 Feb,—,—,—
2019,1449.,Sniper Ghost Warrior Contracts,-90%,Rp 23999,71.46%,22 Nov,"52,829",176,"3,923"
2019,1512.,Euro Truck Simulator 2 - Road to the Black Sea,0%,Rp 162999,83.29%,05 Dec,—,—,—
2019,1520.,Plants vs. Zombies: Battle for Neighborville™,-70%,Rp 113700,69.93%,18 Oct,"60,966",103,"4,022"
2019,1548.,60 Seconds! Reatomized,0%,Rp 90999,91.99%,25 Jul,"29,192",140,"1,251"
2019,1565.,They Are Billions,0%,Rp 219000,83.75%,18 Jun,"276,710","1,849","22,395"
2019,1598.,PC Building Simulator,0%,Rp 165999,91.96%,29 Jan,"170,898",145,"3,884"
2019,1659.,Sid Meier's Civilization® VI: Gathering Storm,0%,Rp 299999,66.10%,14 Feb,—,—,—
2019,1669.,CUSTOM ORDER MAID 3D2 It's a Night Magic,0%,Rp 169999,79.74%,31 Jul,"34,177",8,311
2019,1754.,Blasphemous - Digital Artbook,-50%,Rp 19999,84.46%,10 Sep,—,—,—
2019,1798.,Baba Is You,0%,Rp 95999,95.45%,13 Mar,"42,245",168,"1,533"
2019,1806.,Pacify,0%,Rp 47499,85.02%,22 Feb,"65,007",67,"3,173"
2019,1810.,3dSen VR,-40%,Rp 124199,84.75%,04 Jun,"2,099",2,9
2019,1830.,The Jackbox Party Pack 6,0%,Rp 245999,91.03%,17 Oct,"12,806",161,"6,630"
2019,1857.,Total War: THREE KINGDOMS - Yellow Turban Rebellion,-66%,Rp 27199,60.40%,23 May,—,—,—
2019,1871.,FINAL FANTASY VIII - REMASTERED,0%,Rp 285000,71.38%,03 Sep,"24,514",209,"3,068"
2019,1876.,Descenders,0%,Rp 119999,92.10%,07 May,"29,661",158,"1,954"
2019,1896.,We Were Here Together,0%,Rp 114999,81.76%,10 Oct,"48,120",85,"2,930"
2019,1922.,Phoenix Wright: Ace Attorney Trilogy,0%,Rp 239999,95.60%,09 Apr,"69,315",837,"4,724"
2019,1951.,Fisher Online,-40%,Rp 73799,81.12%,27 Oct,"8,940",169,"2,196"
2019,1952.,Atelier Lulua ~The Scion of Arland~,-67%,Rp 294690,84.76%,20 May,"10,515",16,516
2019,1959.,Day of Dragons,0%,Rp 165999,65.10%,04 Dec,"29,066",137,"3,357"
2019,1965.,Spyro™ Reignited Trilogy,0%,Rp 599000,91.75%,03 Sep,"47,305",234,"4,198"
2019,1972.,Blair Witch,-80%,Rp 27999,76.90%,30 Aug,"26,070",18,"1,716"
2019,1973.,Dead by Daylight - Ash vs Evil Dead,-50%,Rp 27445,73.87%,02 Apr,—,—,—
2020,21.,Apex Legends™,0%,Free,66.88%,05 Nov,"565,075","54,231","624,473"
2020,62.,Cyberpunk 2077,0%,Rp 699999,83.90%,10 Dec,"1,491,400","23,159","1,054,388"
2020,77.,Fallout 76,0%,Rp 532000,72.20%,14 Apr,"149,968","6,863","73,368"
2020,85.,DJMAX RESPECT V,-80%,Rp 138000,85.64%,12 Mar,"63,777",643,"5,413"
2020,94.,Factorio,0%,Rp 300000,95.86%,14 Aug,"394,938","15,043","118,674"
2020,106.,Phasmophobia,0%,Rp 165999,95.03%,18 Sep,"419,965","13,620","112,717"
2020,113.,Crusader Kings III,0%,Rp 536999,88.86%,01 Sep,"288,867","12,010","98,872"
2020,118.,Deep Rock Galactic,-67%,Rp 46199,96.24%,13 May,"2,712,239","6,929","54,160"
2020,135.,EA Play,0%,Rp 87000,—,31 Aug,"9,413",—,—
2020,166.,Sea of Thieves: 2025 Edition,0%,Rp 449000,88.41%,03 Jun,"441,149","4,749","66,906"
2020,205.,Grand Theft Auto IV: The Complete Edition,-70%,Rp 63000,81.56%,24 Mar,"172,996","2,928","11,696"
2020,207.,Risk of Rain 2,0%,Rp 119999,92.40%,11 Aug,"325,722","7,463","75,406"
2020,238.,Conqueror's Blade,0%,Free,67.59%,06 Apr,"67,775","2,187","19,178"
2020,243.,Golf With Your Friends,-70%,Rp 32699,86.75%,19 May,"82,860","1,759","20,750"
2020,267.,STAR WARS™: Squadrons,-90%,Rp 47900,64.87%,02 Oct,"95,836",173,"36,492"
2020,312.,Wingspan,-60%,Rp 67600,91.63%,17 Sep,"31,688","1,035","1,488"
2020,315.,Squad,0%,Rp 375999,82.34%,23 Sep,"700,090","7,141","38,573"
2020,321.,ULTRAKILL,0%,Rp 206999,96.44%,03 Sep,"111,313","2,842","28,076"
2020,334.,KARDS - The WW2 Card Game,0%,Free,72.32%,15 Apr,"32,148","3,493","8,966"
2020,357.,Microsoft Flight Simulator (2020) 40th Anniversary Edition,0%,Rp 790000,77.86%,18 Aug,"149,994","3,101","61,829"
2020,409.,Borderlands 3,0%,Rp 555000,80.23%,13 Mar,"213,739","6,604","93,820"
2020,424.,DRAGON BALL Z: KAKAROT,-77%,Rp 160770,91.61%,16 Jan,"156,284",605,"25,852"
2020,433.,Hades,0%,Rp 206999,97.14%,17 Sep,"293,641","2,621","54,240"
2020,458.,RuneScape ®,0%,Free,80.95%,14 Oct,"52,197","2,265","12,569"
2020,467.,Outer Wilds,0%,Rp 199999,94.19%,18 Jun,"161,350",782,"7,936"
2020,543.,Detroit: Become Human,0%,Rp 420000,94.58%,18 Jun,"209,444","1,165","21,221"
2020,570.,Senren＊Banka,-43%,Rp 91199,96.68%,14 Feb,"69,784",470,"3,013"
2020,584.,theHunter: Call of the Wild™ - Silver Ridge Peaks,-60%,Rp 29600,69.83%,23 Jun,—,—,—
2020,588.,Stormworks: Build and Rescue,0%,Rp 206999,88.54%,17 Sep,"89,309","1,290","6,820"
2020,611.,DOOM Eternal,0%,Rp 329999,90.14%,20 Mar,"255,315","1,357","104,891"
2020,613.,Ghostrunner,-75%,Rp 86250,89.90%,27 Oct,"135,821",189,"11,294"
2020,648.,Action Taimanin,0%,Free,81.40%,06 Oct,"66,273",977,"3,521"
2020,661.,The Sims™ 4 Snowy Escape Expansion Pack,-60%,Rp 191600,58.66%,13 Nov,—,—,—
2020,677.,RimWorld - Royalty,0%,Rp 165999,80.34%,24 Feb,—,—,—
2020,679.,Hydroneer,-60%,Rp 52399,84.83%,08 May,"55,496",561,"8,996"
2020,682.,Expansion - Hearts of Iron IV: La Résistance,-50%,Rp 107499,42.19%,25 Feb,—,—,—
2020,697.,The Survivalists,-90%,Rp 19999,74.99%,09 Oct,"69,831",311,"3,563"
2020,704.,Kingdoms of Amalur: Re-Reckoning,-75%,Rp 84197,74.81%,08 Sep,"40,725",191,"6,390"
2020,709.,ROMANCE OF THE THREE KINGDOMS XIV,-40%,Rp 506400,61.71%,16 Jan,"68,042","1,222","16,482"
2020,723.,Noita,0%,Rp 108999,93.74%,15 Oct,"176,136","2,461","9,256"
2020,729.,Age of Empires III: Definitive Edition,0%,Free,83.39%,15 Oct,"101,614","3,272","20,146"
2020,742.,Automobilista 2,0%,Rp 169999,89.48%,31 Mar,"37,577",507,"3,896"
2020,753.,Wobbly Life,-30%,Rp 118999,94.85%,08 Jul,"32,853",541,"4,665"
2020,755.,Shop Titans,0%,Free,76.73%,05 May,"20,529","3,328","7,990"
2020,757.,The Sims™ 4 Eco Lifestyle,-60%,Rp 191600,51.04%,04 Jun,—,—,—
2020,769.,Crosshair X,0%,Rp 79999,91.45%,01 Jun,"20,533","38,783","89,033"
2020,779.,Half-Life: Alyx,0%,Rp 449999,96.76%,23 Mar,"249,292",197,"42,858"
2020,780.,Angel Legion,0%,Free,82.86%,14 Aug,"36,333",565,"1,315"
2020,812.,Dead By Daylight - Silent Hill Chapter,-50%,Rp 43945,79.92%,16 Jun,—,—,—
2020,833.,Easy Red 2,0%,Rp 79990,87.79%,10 Nov,"42,916",340,"12,026"
2020,898.,Desperados III,-75%,Rp 74999,94.07%,16 Jun,"79,440",109,"6,057"
2020,901.,HARD BULLET,-30%,Rp 116199,82.45%,22 Oct,"11,560",67,274
2020,902.,Need for Speed™ Hot Pursuit Remastered,-80%,Rp 75800,78.90%,06 Nov,"24,070",189,"1,228"
2020,904.,Phantasy Star Online 2 New Genesis,0%,Free,69.06%,05 Aug,"82,306","1,199","59,558"
2020,907.,OMORI,0%,Rp 108999,95.65%,25 Dec,"98,939",477,"3,166"
2020,941.,Trials of Mana,-60%,Rp 251600,88.58%,24 Apr,"47,812",53,"11,998"
2020,948.,State of Decay 2: Juggernaut Edition,0%,Rp 239000,81.75%,13 Mar,"139,833","1,358","22,728"
2020,983.,Suzerain,-70%,Rp 50700,90.65%,04 Dec,"21,512",255,"3,382"
2020,993.,The Jackbox Party Pack 7,0%,Rp 245999,92.95%,15 Oct,"14,305",260,"10,599"
2020,1004.,Travellers Rest,0%,Rp 152999,86.26%,28 Jul,"90,380",737,"5,718"
2020,1009.,Sakuna: Of Rice and Ruin,-50%,Rp 134500,89.06%,10 Nov,"41,322",51,"7,043"
2020,1022.,Total War: THREE KINGDOMS - The Furious Wild,-66%,Rp 58479,37.08%,03 Sep,—,—,—
2020,1031.,Stoneshard,-30%,Rp 90999,73.07%,06 Feb,"145,109",651,"10,738"
2020,1035.,SpongeBob SquarePants: Battle for Bikini Bottom - Rehydrated,-75%,Rp 63347,91.70%,23 Jun,"55,563",76,"15,419"
2020,1070.,Captain Tsubasa: Rise of New Champions,-88%,Rp 47880,68.89%,28 Sep,"24,612",227,"4,442"
2020,1085.,Assetto Corsa Competizione - GT4 Pack,-60%,Rp 107600,84.68%,15 Jul,—,—,—
2020,1088.,Command & Conquer™ Remastered Collection,-75%,Rp 59750,88.92%,05 Jun,"103,084",564,"42,587"
2020,1126.,Idle Champions of the Forgotten Realms,0%,Free,75.87%,25 Mar,"24,019","2,717","18,578"
2020,1131.,Root,0%,Rp 95999,86.82%,24 Sep,"25,909",153,599
2020,1134.,Holdfast: Nations At War,0%,Rp 165999,87.84%,05 Mar,"88,357",281,"3,419"
2020,1181.,Assetto Corsa Competizione - Intercontinental GT Pack,-60%,Rp 79600,89.41%,04 Feb,—,—,—
2020,1242.,FAIRY TAIL,-67%,Rp 281160,71.13%,30 Jul,"23,650",22,"1,930"
2020,1251.,Ancestors: The Humankind Odyssey,0%,Rp 423000,76.78%,27 Aug,"87,698",145,"3,334"
2020,1302.,Poly Bridge 2,-80%,Rp 19199,92.17%,28 May,"25,895",112,"1,924"
2020,1307.,Craftopia,-40%,Rp 124199,74.25%,04 Sep,"169,728",184,"27,246"
2020,1342.,Untitled Goose Game,0%,Rp 169000,93.58%,23 Sep,"120,737",102,"2,014"
2020,1354.,Mafia: Definitive Edition,0%,Rp 489000,85.35%,24 Sep,"130,271",396,"36,679"
2020,1373.,RISK: Global Domination,0%,Free,78.69%,19 Feb,"30,670","2,024","11,716"
2020,1375.,Destroy All Humans!,-75%,Rp 63347,89.81%,28 Jul,"54,714",81,"12,423"
2020,1387.,Being a DIK - Season 1,0%,Rp 89999,93.77%,14 Feb,"55,072",155,"5,709"
2020,1400.,Country Pack - Hearts of Iron IV: Battle for the Bosporus,-50%,Rp 53999,45.75%,15 Oct,—,—,—
2020,1403.,ATRI -My Dear Moments-,-55%,Rp 51502,96.14%,18 Jun,"48,393",50,772
2020,1458.,Haven,-60%,Rp 82799,87.10%,03 Dec,"58,024",20,593
2020,1476.,RollerCoaster Tycoon® 3: Complete Edition,0%,Rp 108999,83.71%,24 Sep,"10,825",201,532
2020,1480.,RPG Maker MZ,0%,Rp 604999,81.34%,27 Aug,"29,027",794,"1,266"
2020,1492.,The Walking Dead: The Telltale Definitive Series,0%,Rp 375999,94.52%,29 Oct,"29,508",706,"7,133"
2020,1529.,"Yes, Your Grace",-85%,Rp 16349,85.10%,06 Mar,"39,186",122,"3,337"
2020,1554.,3on3 FreeStyle: Rebound,0%,Free,61.93%,15 Jul,"5,730",242,657
2020,1568.,The Outer Worlds,0%,Rp 324000,81.64%,23 Oct,"174,794",323,"20,349"
2020,1647.,Resident Evil 3,0%,Rp 513999,80.76%,03 Apr,"165,587",845,"60,293"
2020,1666.,Medal of Honor™: Above and Beyond,-50%,Rp 239500,61.55%,11 Dec,"16,841",5,318
2020,1674.,Total War: THREE KINGDOMS - A World Betrayed,-66%,Rp 30599,48.98%,19 Mar,—,—,—
2020,1677.,Tank Mechanic Simulator,-80%,Rp 21799,85.91%,20 Feb,"40,588",93,"5,022"
2020,1683.,ONE PIECE: PIRATE WARRIORS 4,0%,Rp 449000,89.58%,27 Mar,"75,575",153,"9,219"
2020,1686.,Space Haven,-60%,Rp 47999,83.99%,21 May,"115,214",248,"5,687"
2020,1688.,Worms Rumble,-90%,Rp 10899,56.98%,01 Dec,"13,014",2,767
2020,1689.,Need for Speed™ Most Wanted Complete DLC Bundle,-50%,Rp 189500,79.57%,18 Jun,—,—,—
2020,1701.,Monster Hunter World: Iceborne,0%,Rp 445999,56.72%,09 Jan,—,—,—
2020,1709.,Persona 4 Golden,0%,Rp 260000,95.43%,13 Jun,"96,253","1,253","29,984"
2020,1715.,The Henry Stickmin Collection,0%,Rp 130000,96.81%,07 Aug,"50,731",110,"2,812"
2021,34.,It Takes Two Friend's Pass,0%,—,94.15%,25 May,—,—,—
2021,35.,It Takes Two,-75%,Rp 119750,94.15%,26 Mar,"499,744","4,658","71,039"
2021,73.,Battlefield™ 2042,-95%,Rp 32950,46.64%,19 Nov,"344,833","4,733","107,376"
2021,112.,NARAKA: BLADEPOINT,0%,Free,69.05%,12 Aug,"571,092","19,682","385,770"
2021,119.,Forza Horizon 5,0%,Rp 699000,87.67%,09 Nov,"507,981","8,490","81,096"
2021,170.,Hell Let Loose,-50%,Rp 199999,81.36%,27 Jul,"332,506","4,079","21,385"
2021,178.,NieR Replicant™ ver.1.22474487139...,-60%,Rp 351600,86.45%,23 Apr,"137,717",325,"28,684"
2021,184.,Nioh 2 – The Complete Edition,-55%,Rp 288900,86.32%,05 Feb,"102,385","1,842","41,325"
2021,186.,eFootball™,0%,Free,48.06%,30 Sep,"85,573","10,966","22,226"
2021,193.,Mass Effect™ Legendary Edition,-90%,Rp 65900,89.55%,14 May,"126,216","2,987","59,817"
2021,197.,Car Mechanic Simulator 2021,-71%,Rp 60029,93.89%,11 Aug,"83,708","1,608","22,561"
2021,208.,The Riftbreaker,-45%,Rp 135299,88.18%,14 Oct,"97,714",988,"21,741"
2021,213.,GTFO,-60%,Rp 194800,83.05%,10 Dec,"291,350","1,046","18,813"
2021,259.,Age of Empires IV: Anniversary Edition,0%,Rp 249999,84.80%,28 Oct,"291,189","6,048","73,928"
2021,270.,IdleOn - The Idle RPG,0%,Free,78.08%,02 Apr,"21,002","10,394","19,319"
2021,272.,Valheim,0%,Rp 214999,93.46%,02 Feb,"498,754","13,835","502,387"
2021,283.,World of Tanks,0%,Free,81.45%,29 Apr,"92,746","1,880","9,569"
2021,289.,Timberborn,-30%,Rp 199499,93.56%,15 Sep,"165,201","3,561","13,045"
2021,300.,WorldBox - God Simulator,0%,Rp 165999,93.20%,02 Dec,"174,056","2,509","11,034"
2021,305.,Overcooked! All You Can Eat,-66%,Rp 101999,71.01%,23 Mar,"44,946",421,"3,077"
2021,307.,SnowRunner,0%,Rp 259000,88.43%,17 May,"124,796","2,079","11,145"
2021,337.,Russian Fishing 4,0%,Free,54.02%,11 Nov,"98,395","8,405","26,142"
2021,361.,Jurassic World Evolution 2,0%,Rp 449999,87.96%,09 Nov,"125,687","1,415","20,784"
2021,379.,Subnautica: Below Zero,-33%,Rp 235169,89.33%,14 May,"239,414",842,"42,115"
2021,381.,Call to Arms - Gates of Hell: Ostfront,0%,Rp 284999,81.87%,11 Jun,"97,193","2,151","8,919"
2021,384.,The Sims™ 4 Cottage Living Expansion Pack,-50%,Rp 239500,67.27%,22 Jul,—,—,—
2021,386.,GUILTY GEAR -STRIVE-,0%,Rp 548900,86.77%,11 Jun,"114,996","1,640","31,156"
2021,406.,Halo Infinite,0%,Free,69.10%,15 Nov,"226,630","3,542","272,586"
2021,416.,Dead by Daylight - Resident Evil Chapter,-30%,Rp 92323,73.42%,15 Jun,—,—,—
2021,429.,Atelier Ryza 2: Lost Legends & the Secret Fairy,-67%,Rp 254100,87.42%,26 Jan,"45,699",87,"4,005"
2021,460.,[NINJA GAIDEN: Master Collection] NINJA GAIDEN Σ2,-50%,Rp 256500,75.08%,10 Jun,"8,501",40,722
2021,488.,Gunfire Reborn,0%,Rp 162999,92.05%,18 Nov,"127,115","1,270","35,263"
2021,489.,Farming Simulator 22,0%,Rp 299999,91.04%,22 Nov,"149,032","4,270","105,636"
2021,502.,GrandChase,0%,Free,63.02%,28 Jul,"74,186","2,714","79,883"
2021,503.,Days Gone,0%,Rp 579000,91.45%,18 May,"195,159","1,417","27,450"
2021,522.,Sniper Ghost Warrior Contracts 2,-90%,Rp 29999,82.25%,04 Jun,"60,115",480,"7,055"
2021,530.,Medieval Dynasty,0%,Rp 249999,89.13%,23 Sep,"271,729","1,211","31,057"
2021,536.,Five Nights at Freddy's: Security Breach,0%,Rp 169999,85.15%,17 Dec,"108,816",344,"17,219"
2021,537.,Expansion - Hearts of Iron IV: No Step Back,-30%,Rp 150499,65.57%,23 Nov,—,—,—
2021,541.,ICARUS,0%,Rp 284999,71.54%,03 Dec,"238,680","1,609","52,501"
2021,559.,Escape Simulator,0%,Rp 169000,91.74%,19 Oct,"79,639",432,"6,616"
2021,599.,Across the Obelisk,0%,Rp 214999,80.11%,08 Apr,"32,112",983,"14,037"
2021,626.,Oxygen Not Included - Spaced Out!,-33%,Rp 56279,77.09%,16 Dec,—,—,—
2021,627.,BRAVELY DEFAULT II,-60%,Rp 299600,78.85%,02 Sep,"26,209",86,"2,220"
2021,650.,Gas Station Simulator,0%,Rp 115959,86.07%,15 Sep,"54,167",348,"12,229"
2021,652.,Poppy Playtime,0%,Free,83.97%,12 Oct,"151,898",595,"25,128"
2021,655.,The Binding of Isaac: Repentance,0%,Rp 340996,81.77%,31 Mar,—,—,—
2021,666.,Minecraft Dungeons,0%,Rp 265000,88.85%,22 Sep,"57,163",330,"4,022"
2021,675.,RimWorld - Ideology,0%,Rp 165999,80.35%,20 Jul,—,—,—
2021,680.,Total War: ROME REMASTERED,-66%,Rp 110500,74.54%,29 Apr,"41,115",872,"18,526"
2021,688.,Totally Accurate Battle Simulator,0%,Rp 169000,96.46%,01 Apr,"344,775","1,192","13,674"
2021,714.,A Total War Saga: TROY,-50%,Rp 225499,69.85%,02 Sep,"45,606",191,"4,704"
2021,717.,Motor Town: Behind The Wheel,0%,Rp 165999,91.03%,17 Dec,"27,219",885,"3,622"
2021,718.,The Elder Scrolls V: Skyrim Anniversary Upgrade,0%,Rp 266000,48.98%,11 Nov,—,—,—
2021,773.,DEVOUR,0%,Rp 90999,89.61%,28 Jan,"85,891",320,"12,331"
2021,817.,theHunter: Call of the Wild™ - Bloodhound,-50%,Rp 18999,72.53%,30 Mar,—,—,—
2021,818.,Rogue Heroes: Ruins of Tasos,-90%,Rp 15900,75.89%,23 Feb,"20,858",211,"1,649"
2021,824.,World War Z,0%,Rp 249000,81.55%,21 Sep,"113,431",896,"8,036"
2021,827.,War of the Three Kingdoms,0%,Free,11.57%,17 Dec,"7,773","1,098","4,134"
2021,872.,FATAL FRAME / PROJECT ZERO: Maiden of Black Water,-30%,Rp 406000,79.80%,28 Oct,"49,506",25,"3,494"
2021,940.,MechWarrior 5: Mercenaries,0%,Rp 139999,82.63%,27 May,"50,181",839,"6,476"
2021,944.,Uncrashed : FPV Drone Simulator,0%,Rp 124999,90.49%,01 Sep,"16,600",332,934
2021,951.,MELTY BLOOD: TYPE LUMINA,-70%,Rp 62999,85.94%,30 Sep,"42,798",116,"13,182"
2021,962.,Mini Motorways,0%,Rp 69999,93.89%,20 Jul,"36,529",577,"9,914"
2021,964.,Mortal Shell,0%,Rp 158000,67.21%,18 Aug,"51,962",254,"1,931"
2021,969.,PICO PARK,0%,Rp 39999,88.93%,07 May,"59,968",152,"16,802"
2021,986.,Resident Evil Village,0%,Rp 553999,94.26%,07 May,"189,811","3,401","106,631"
2021,991.,Atelier Sophie: The Alchemist of the Mysterious Book DX,-50%,Rp 256500,84.74%,22 Apr,"7,690",43,530
2021,1005.,BLUE REFLECTION: Second Light,-60%,Rp 388000,77.58%,09 Nov,"17,534",14,675
2021,1011.,VTube Studio,0%,Free,89.55%,12 Mar,"50,350","7,670","21,472"
2021,1024.,TrackDayR,0%,Rp 350000,80.49%,17 Mar,"4,271",116,345
2021,1025.,Dead by Daylight - Terror Expansion Pack,-50%,Rp 137445,69.79%,15 Jun,—,—,—
2021,1027.,Inscryption,0%,Rp 119999,95.54%,19 Oct,"122,362",859,"17,072"
2021,1055.,Carnal Instinct,0%,Rp 245999,80.67%,01 Mar,"81,460",89,924
2021,1064.,Library Of Ruina,0%,Rp 139999,92.22%,10 Aug,"77,753","1,093","8,015"
2021,1074.,Pathfinder: Wrath of the Righteous - Enhanced Edition,-27%,Rp 196084,82.50%,02 Sep,"120,970","1,861","46,724"
2021,1119.,Unpacking,0%,Rp 108999,91.31%,02 Nov,"65,706",168,"2,512"
2021,1124.,BIOMUTANT,-75%,Rp 93000,65.26%,25 May,"190,801",73,"55,048"
2021,1138.,Chicory: A Colorful Tale,-50%,Rp 82999,93.65%,10 Jun,"11,322",42,353
2021,1157.,Crysis Remastered,-65%,Rp 48999,74.59%,17 Sep,"17,887",74,"1,244"
2021,1160.,Dyson Sphere Program,0%,Rp 129029,96.09%,21 Jan,"242,305","2,129","59,815"
2021,1179.,Saints Row®: The Third™ Remastered,-85%,Rp 48150,68.44%,21 May,"9,118",190,"1,560"
2021,1188.,Clone Drone in the Danger Zone,-65%,Rp 38149,94.81%,27 Jul,"32,190",299,"1,944"
2021,1198.,The Sims™ 4 Dream Home Decorator Game Pack,-30%,Rp 167300,48.95%,01 Jun,—,—,—
2021,1210.,Operation: Tango,-55%,Rp 96328,84.81%,01 Jun,"28,329",47,"1,073"
2021,1214.,Dead by Daylight - Escape Expansion Pack,-50%,Rp 137445,64.01%,15 Jun,—,—,—
2021,1225.,ROUNDS,0%,Rp 50000,93.31%,01 Apr,"20,700",767,"2,269"
2021,1228.,Lost in Random™,-85%,Rp 56850,85.84%,10 Sep,"21,325",71,508
2021,1237.,Goose Goose Duck,0%,Free,85.41%,03 Oct,"119,731","1,549","702,845"
2021,1266.,"Warhammer 40,000: Battlesector",0%,Rp 299999,85.24%,22 Jul,"44,794",190,"2,598"
2021,1275.,Cookie Clicker,0%,Rp 47499,95.08%,01 Sep,"23,886","8,728","67,867"
2021,1308.,Len's Island Full Soundtrack,0%,Rp 56499,64.08%,26 Nov,—,—,—
2021,1309.,VTube Studio - Remove Watermark,0%,Rp 95999,81.18%,12 Mar,—,—,—
2021,1351.,Paint the Town Red,0%,Rp 165999,93.82%,29 Jul,"57,126",196,"1,423"
2021,1367.,Outer Wilds - Echoes of the Eye,0%,Rp 125999,87.98%,28 Sep,—,—,—
2021,1381.,Arma 3 Creator DLC: S.O.G. Prairie Fire,0%,Rp 179999,80.51%,06 May,—,—,—
2021,1401.,Assetto Corsa Competizione - British GT Pack,-60%,Rp 69960,85.17%,10 Feb,—,—,—
2021,1409.,Monster Rancher 1 & 2 DX,-35%,Rp 282100,84.90%,09 Dec,"11,227",96,"1,411"
2021,1421.,Ys IX: Monstrum Nox,-50%,Rp 244499,89.83%,06 Jul,"14,993",26,"1,365"
2021,1459.,Euro Truck Simulator 2 - Iberia,0%,Rp 162999,75.20%,08 Apr,—,—,—
2022,24.,Victoria 3,-70%,Rp 161099,66.21%,25 Oct,"172,256","13,275","70,100"
2022,39.,ELDEN RING,0%,Rp 599000,92.24%,24 Feb,"1,084,633","31,739","953,426"
2022,47.,Mount & Blade II: Bannerlord,-50%,Rp 274500,87.01%,25 Oct,"864,246","16,925","248,216"
2022,58.,DEATH STRANDING DIRECTOR'S CUT,-60%,Rp 215999,91.08%,30 Mar,"90,087","4,616","8,560"
2022,61.,Call of Duty®: Warzone™,0%,Free,32.05%,16 Nov,—,—,—
2022,86.,Lost Ark,0%,Free,70.45%,11 Feb,"278,128","10,253","1,325,305"
2022,103.,Yu-Gi-Oh! Master Duel,0%,Free,73.29%,19 Jan,"71,528","11,549","262,689"
2022,123.,Raft,0%,Rp 135999,92.37%,20 Jun,"631,935","4,951","101,096"
2022,159.,SurrounDead,0%,Rp 106999,87.19%,24 Jun,"37,812","1,614","4,151"
2022,169.,Total War: WARHAMMER III,0%,Rp 648999,72.21%,17 Feb,"275,912","15,942","166,754"
2022,177.,Call of Duty®,0%,—,58.60%,28 Oct,"639,110","65,091","491,670"
2022,187.,Teardown,-50%,Rp 144500,94.23%,21 Apr,"205,189","1,797","8,339"
2022,200.,HITMAN World of Assassination,-80%,Rp 49199,84.61%,20 Jan,"104,017","3,003","10,925"
2022,209.,"Warhammer 40,000: Darktide",0%,Rp 439999,70.37%,30 Nov,"202,803","7,680","108,395"
2022,211.,Grounded,0%,Rp 459000,88.11%,27 Sep,"319,055","6,435","32,012"
2022,232.,Guild Wars 2,0%,Free,86.86%,23 Aug,"82,691","3,440","8,324"
2022,256.,Chivalry 2,-80%,Rp 33999,78.90%,12 Jun,"115,787","2,664","16,959"
2022,275.,Tactics Ogre: Reborn,-60%,Rp 259600,72.44%,11 Nov,"40,343",454,"10,677"
2022,276.,Slime Rancher 2,-34%,Rp 151800,92.38%,22 Sep,"143,940",613,"21,524"
2022,287.,Need for Speed™ Unbound,-86%,Rp 106260,59.88%,02 Dec,"76,754",761,"14,063"
2022,291.,PowerWash Simulator,0%,Rp 349000,95.10%,14 Jul,"81,218","2,387","14,178"
2022,292.,Backrooms: Escape Together,0%,Rp 90999,85.76%,18 Oct,"44,429",635,"4,965"
2022,298.,Steam Deck Dock,0%,—,—,06 Oct,296,—,—
2022,323.,Dying Light 2 Stay Human: Reloaded Edition,0%,Rp 374497,78.29%,04 Feb,"425,432","4,507","274,983"
2022,335.,FINAL FANTASY VII REMAKE INTERGRADE,0%,Rp 579000,87.00%,17 Jun,"142,728","1,004","13,803"
2022,336.,Escape the Backrooms,0%,Rp 69999,89.73%,11 Aug,"114,165",912,"16,529"
2022,346.,RimWorld - Biotech,0%,Rp 206999,89.41%,21 Oct,—,—,—
2022,348.,Call of the Wild: The Angler™,-70%,Rp 73799,61.60%,31 Aug,"28,217",307,"9,995"
2022,354.,Plants vs. Zombies™ Garden Warfare 2: Deluxe Edition,-70%,Rp 113700,88.57%,16 May,"45,421","1,260","9,670"
2022,420.,Way of the Hunter,-50%,Rp 122999,77.62%,16 Aug,"37,001",249,"9,880"
2022,421.,Dead by Daylight - Resident Evil: PROJECT W Chapter,-30%,Rp 92323,73.55%,30 Aug,—,—,—
2022,431.,Stranded Deep,0%,Rp 108999,73.49%,11 Aug,"347,712",523,"6,036"
2022,439.,STALCRAFT: X,0%,Free,74.56%,09 Dec,"61,091","3,296","40,311"
2022,449.,MX vs ATV Legends,-75%,Rp 93000,74.34%,28 Jun,"8,207",277,464
2022,451.,Cult of the Lamb,0%,Rp 149999,94.23%,11 Aug,"229,994","1,497","61,780"
2022,462.,The Callisto Protocol™,-85%,Rp 67499,64.31%,02 Dec,"89,525",269,"17,580"
2022,480.,NOBUNAGA'S AMBITION: Awakening,-50%,Rp 385000,71.23%,20 Jul,"22,584","1,220","11,783"
2022,506.,Vampire Survivors,0%,Rp 44999,97.31%,20 Oct,"128,868","2,924","77,061"
2022,538.,Expansion - Hearts of Iron IV: By Blood Alone,-30%,Rp 150499,36.09%,27 Sep,—,—,—
2022,552.,We Who Are About To Die,-40%,Rp 107999,85.68%,14 Nov,"56,485",433,"2,266"
2022,556.,Persona 5 Royal,0%,Rp 798000,95.18%,21 Oct,"143,011","4,287","35,474"
2022,557.,The Sims™ 4 High School Years Expansion Pack,-50%,Rp 239500,45.71%,28 Jul,—,—,—
2022,572.,Marvel’s Spider-Man Remastered,0%,Rp 879000,94.52%,12 Aug,"190,061","1,136","66,436"
2022,583.,There Is No Light: Enhanced Edition,-65%,Rp 58099,69.59%,19 Sep,"22,130",34,612
2022,614.,Construction Simulator,0%,Rp 299999,78.94%,20 Sep,"58,449",411,"17,365"
2022,637.,Foxhole,0%,Rp 139999,82.36%,28 Sep,"192,602","2,724","11,791"
2022,638.,God of War,0%,Rp 729000,94.75%,14 Jan,"282,868","1,385","73,529"
2022,643.,Police Simulator: Patrol Officers,0%,Rp 245999,76.33%,10 Nov,"84,053",229,"3,330"
2022,649.,Ship of Fools,-60%,Rp 87999,79.19%,22 Nov,"31,589",175,"2,324"
2022,657.,Atelier Sophie 2: The Alchemist of the Mysterious Dream,-50%,Rp 385000,90.15%,25 Feb,"20,304",49,"3,622"
2022,700.,Captain of Industry,0%,Rp 284999,91.20%,31 May,"70,441","2,772","11,121"
2022,754.,HARVESTELLA,-60%,Rp 299600,75.06%,04 Nov,"33,839",80,"3,395"
2022,777.,Tiny Tina's Wonderlands,0%,Rp 377700,69.46%,23 Jun,"102,950",785,"15,021"
2022,785.,theHunter: Call of the Wild™ - Revontuli Coast,-60%,Rp 29600,73.15%,28 Jun,—,—,—
2022,790.,Call of Duty®: Modern Warfare® II,0%,Rp 1040000,25.39%,28 Oct,—,—,—
2022,792.,Destroy All Humans! 2 - Reprobed,-75%,Rp 93000,75.10%,30 Aug,"21,014",58,"2,870"
2022,828.,Risk of Rain 2: Survivors of the Void,0%,Rp 80999,84.98%,01 Mar,—,—,—
2022,859.,PlateUp!,0%,Rp 165999,92.71%,04 Aug,"40,279","1,150","12,460"
2022,864.,Stray,0%,Rp 237999,95.97%,19 Jul,"361,647",354,"62,963"
2022,876.,Dead by Daylight - Sadako Rising Chapter,-50%,Rp 43945,62.18%,08 Mar,—,—,—
2022,878.,Expansion Starter Pack - Guild Wars 2: Heart of Thorns™ and Path of Fire™,0%,Rp 435553,77.00%,23 Aug,—,—,—
2022,884.,Call of Duty®: Black Ops 6 or Call of Duty®: Warzone™ Points,0%,Rp 29700,—,16 Nov,—,—,—
2022,887.,SCP: 5K,0%,Rp 165999,78.53%,22 Feb,"91,193",148,"1,965"
2022,903.,X-Plane 12,0%,Rp 449999,81.17%,17 Dec,"26,736",425,980
2022,929.,Thymesia,-66%,Rp 62899,81.67%,18 Aug,"53,276",41,"3,224"
2022,931.,The Sims™ 4 Werewolves Game Pack,-30%,Rp 167300,70.63%,16 Jun,—,—,—
2022,947.,A Little to the Left,0%,Rp 129999,89.62%,08 Nov,"42,868",303,"2,832"
2022,970.,Expeditions: Rome,-67%,Rp 133367,85.49%,20 Jan,"46,303",106,"9,765"
2022,981.,theHunter: Call of the Wild™ - Modern Rifle Pack,-60%,Rp 15199,78.30%,22 Feb,—,—,—
2022,994.,Out of Ore,0%,Rp 206999,83.76%,31 Oct,"15,014",338,"1,915"
2022,997.,暖雪 Warm Snow,-30%,Rp 73499,91.26%,19 Jan,"82,011",323,"44,702"
2022,1003.,House Party,0%,Rp 219999,84.23%,16 Jul,"131,189",138,"1,800"
2022,1007.,Asphalt Legends Unite,0%,Free,79.71%,02 Aug,"15,880",828,"1,982"
2022,1014.,UNCHARTED™: Legacy of Thieves Collection,0%,Rp 729000,88.29%,19 Oct,"131,247",362,"10,851"
2022,1017.,High On Life,0%,Rp 249999,86.90%,13 Dec,"89,211",221,"11,608"
2022,1019.,Dwarf Fortress,0%,Rp 245999,92.90%,06 Dec,"192,649",885,"28,340"
2022,1034.,NEO: The World Ends with You,-60%,Rp 351600,87.04%,19 Oct,"9,560",28,258
2022,1037.,Kaiju Princess,-35%,Rp 64999,93.25%,22 Jun,"36,779",66,"1,102"
2022,1056.,BONELAB,0%,Rp 299999,77.66%,29 Sep,"39,523",261,"11,991"
2022,1060.,ヘブンバーンズレッド,0%,Free,83.23%,10 Aug,"18,179","1,012","20,201"
2022,1065.,FINAL FANTASY VI,0%,Rp 239000,88.09%,23 Feb,"19,355",278,"4,556"
2022,1084.,The Riftbreaker: Metal Terror,-30%,Rp 63699,73.79%,18 Jul,—,—,—
2022,1098.,Assetto Corsa Competizione - American Track Pack,-60%,Rp 91600,71.02%,30 Jun,—,—,—
2022,1099.,The Mortuary Assistant,0%,Rp 119999,89.34%,02 Aug,"35,167",72,"1,399"
2022,1101.,WARRIORS OROCHI 3 Ultimate Definitive Edition,-30%,Rp 359100,85.39%,12 Jul,"15,938",80,"2,996"
2022,1105.,Assassin's Creed Valhalla,0%,Rp 619000,68.73%,06 Dec,"73,691",902,"15,679"
2022,1109.,Knights of Honor II: Sovereign,-67%,Rp 131670,74.87%,06 Dec,"61,044",160,"6,061"
2022,1135.,Marvel's Midnight Suns,-80%,Rp 218000,79.86%,02 Dec,"60,139",450,"15,500"
2022,1136.,Sniper Elite 5,0%,Rp 209999,81.54%,26 May,"80,464",884,"14,870"
2022,1141.,Settlement Survival,-50%,Rp 54499,84.12%,24 Oct,"71,425",238,"5,613"
2022,1172.,Tower of Fantasy,0%,Free,67.76%,20 Oct,"78,190",350,"7,210"
2022,1180.,Marvel’s Spider-Man: Miles Morales,0%,Rp 729000,91.49%,18 Nov,"113,921",390,"13,539"
2022,1190.,The Stanley Parable: Ultra Deluxe,0%,Rp 119999,92.28%,27 Apr,"56,319",73,"13,802"
2022,1213.,Battle Teams 2,0%,Free,55.96%,21 Jul,"24,211",249,"7,987"
2022,1240.,DSX,0%,Rp 74000,66.93%,24 Jun,"10,909","5,043","8,794"
2022,1264.,POSTAL: Brain Damaged,-75%,Rp 41499,92.71%,09 Jun,"18,441",60,764
2022,1265.,Stacklands,0%,Rp 73999,94.16%,08 Apr,"43,378",267,"5,186"
2022,1279.,NEEDY STREAMER OVERLOAD,0%,Rp 99999,92.97%,21 Jan,"108,777",147,"3,674"
2022,1291.,RealFlight Evolution,0%,Rp 1656012,82.94%,27 Oct,"4,602",527,912
2022,1310.,We Were Here Forever,0%,Rp 152999,89.19%,10 May,"43,069",124,"8,390"
2023,16.,ARK: Survival Ascended,-50%,Rp 357500,58.49%,26 Oct,"199,262","33,168","98,047"
2023,33.,Magic: The Gathering Arena,0%,Free,62.54%,23 May,"13,809","10,400","18,047"
2023,37.,STAR WARS Jedi: Survivor™,-80%,Rp 151800,68.26%,28 Apr,"134,073","3,561","67,855"
2023,45.,Baldur's Gate 3,0%,Rp 699999,96.05%,03 Aug,"940,808","59,299","875,343"
2023,57.,DREDGE,-50%,Rp 103499,93.98%,30 Mar,"131,393","2,181","12,686"
2023,59.,DAVE THE DIVER,-40%,Rp 99599,95.60%,28 Jun,"208,635","6,106","98,480"
2023,68.,Dead Space,-80%,Rp 131800,89.11%,27 Jan,"115,619",946,"30,925"
2023,71.,Lies of P,0%,Rp 870000,90.38%,18 Sep,"147,720","6,819","30,095"
2023,72.,THE FINALS,0%,Free,77.06%,08 Dec,"347,512","15,173","242,619"
2023,75.,Disney Dreamlight Valley,-30%,Rp 367500,89.86%,05 Dec,"71,233","4,431","14,314"
2023,84.,Mortal Kombat 1,-67%,Rp 260700,68.93%,19 Sep,"96,721","1,559","38,129"
2023,92.,Arma Reforger,0%,Rp 482798,75.36%,16 Nov,"95,098","10,091","23,050"
2023,100.,Wandering Sword,-20%,Rp 165599,92.91%,15 Sep,"68,846","5,833","22,824"
2023,102.,Ready or Not,0%,Rp 255999,88.28%,13 Dec,"492,023","4,991","55,174"
2023,104.,Street Fighter™ 6,0%,Rp 490000,83.62%,02 Jun,"141,081","10,227","70,573"
2023,117.,Limbus Company,0%,Free,82.85%,26 Feb,"41,787","16,017","80,901"
2023,149.,Blasphemous 2,-50%,Rp 174999,88.94%,24 Aug,"41,846",359,"9,055"
2023,153.,Cyberpunk 2077: Phantom Liberty,0%,Rp 349999,88.19%,25 Sep,—,—,—
2023,183.,Tom Clancy’s The Division® 2,0%,Rp 349000,75.16%,12 Jan,"44,478","4,631","14,858"
2023,190.,Overwatch® 2,0%,Free,24.59%,10 Aug,"99,261","25,653","75,608"
2023,196.,Cities: Skylines II,0%,Rp 536999,52.38%,24 Oct,"311,895","5,088","104,697"
2023,212.,Grand Theft Auto: San Andreas – The Definitive Edition,-60%,Rp 259600,75.15%,19 Jan,"28,292",554,"1,932"
2023,229.,Diablo® IV,0%,Rp 744000,65.01%,17 Oct,"131,537","3,831","55,561"
2023,236.,The Last of Us™ Part I,0%,Rp 879000,79.18%,28 Mar,"218,661","1,874","36,496"
2023,237.,Lethal Company,0%,Rp 90999,96.26%,23 Oct,"313,457","6,711","240,817"
2023,242.,House Flipper 2,0%,Rp 299999,83.15%,14 Dec,"73,394","2,127","21,945"
2023,249.,"Warhammer 40,000: Rogue Trader",0%,Rp 375999,84.05%,07 Dec,"118,978","2,469","45,405"
2023,278.,Sun Haven,-50%,Rp 103499,80.85%,11 Mar,"93,534","1,720","12,706"
2023,294.,Resident Evil 4,0%,Rp 595999,96.46%,24 Mar,"266,014","7,383","168,191"
2023,299.,Contraband Police,-52%,Rp 124799,92.65%,08 Mar,"87,530",549,"8,124"
2023,304.,Age of Wonders 4,0%,Rp 536999,80.03%,02 May,"95,366","1,498","42,877"
2023,310.,Party Animals,0%,Rp 205000,77.50%,20 Sep,"632,266","1,606","104,174"
2023,314.,Football Manager 2024,0%,Rp 649999,88.87%,06 Nov,"62,659","27,796","89,478"
2023,327.,Starfield,0%,Rp 759000,56.56%,06 Sep,"469,179","3,715","330,723"
2023,345.,RIDE 5,-80%,Rp 165800,76.87%,24 Aug,"14,057",313,957
2023,352.,Total War: PHARAOH,-75%,Rp 89750,62.61%,11 Oct,"42,697",135,"5,424"
2023,356.,STAR OCEAN THE SECOND STORY R,-50%,Rp 364500,90.52%,02 Nov,"25,684",148,"8,028"
2023,377.,Against the Storm,-50%,Rp 99999,92.98%,08 Dec,"124,437","1,002","12,832"
2023,380.,Hero's Land,0%,Free,54.66%,18 May,"11,905","3,095","37,249"
2023,389.,Trepang2,-50%,Rp 174999,90.99%,21 Jun,"55,429",233,"1,911"
2023,396.,Atelier Ryza 3: Alchemist of the End & the Secret Key,-50%,Rp 385000,87.17%,24 Mar,"28,025",76,"7,162"
2023,408.,Fate/Samurai Remnant,-50%,Rp 385000,88.02%,29 Sep,"51,687",108,"9,335"
2023,410.,Aimlabs,0%,Free,90.96%,17 Jun,"164,594","3,847","15,141"
2023,413.,Hogwarts Legacy,0%,Rp 799000,89.33%,10 Feb,"670,251","5,242","879,308"
2023,450.,The Sims™ 4 Horse Ranch Expansion Pack,-50%,Rp 239500,49.41%,20 Jul,—,—,—
2023,455.,Wartales,0%,Rp 379999,87.80%,12 Apr,"199,606","1,259","35,879"
2023,456.,Eternal Return,0%,Free,78.42%,20 Jul,"91,931","2,538","52,853"
2023,466.,Attack on Titan 2 - A.O.T.2,-50%,Rp 385000,90.07%,27 Apr,"42,885",193,"1,385"
2023,483.,Hero's Adventure: Road to Passion,-40%,Rp 91799,82.64%,16 Nov,"92,726","1,100","28,936"
2023,493.,Call of Duty®: Modern Warfare® III,0%,Rp 1050000,33.54%,10 Nov,—,—,—
2023,508.,Quasimorph,0%,Rp 165999,79.76%,02 Oct,"36,810",358,"1,273"
2023,509.,Wo Long: Fallen Dynasty,-40%,Rp 307800,48.65%,03 Mar,"100,586",192,"75,906"
2023,514.,Dead by Daylight - Alien Chapter Pack,-50%,Rp 65945,61.94%,29 Aug,—,—,—
2023,521.,Expansion - Hearts of Iron IV: Arms Against Tyranny,-20%,Rp 171999,55.83%,10 Oct,—,—,—
2023,534.,The Sims™ 4 Growing Together Expansion Pack,-50%,Rp 239500,62.43%,16 Mar,—,—,—
2023,545.,Gorilla Tag,0%,Rp 165999,89.84%,01 Jan,"62,833",906,"2,701"
2023,547.,theHunter: Call of the Wild™ - Emerald Coast Australia,-55%,Rp 33300,82.24%,20 Jun,—,—,—
2023,549.,MY HERO ULTRA RUMBLE,0%,Free,65.55%,28 Sep,"35,339","2,140","46,591"
2023,553.,Tom Clancy's Ghost Recon® Breakpoint,0%,Rp 619000,72.18%,23 Jan,"58,583","1,253","14,382"
2023,554.,The Sims™ 4 For Rent Expansion Pack,-50%,Rp 239500,37.41%,07 Dec,—,—,—
2023,564.,Stranded: Alien Dawn,-50%,Rp 142499,82.77%,25 Apr,"107,024",652,"8,792"
2023,566.,WitchSpring R,-35%,Rp 219700,93.12%,26 Sep,"37,936",152,"4,117"
2023,576.,Snowbreak: Containment Zone,0%,Free,75.62%,25 Dec,"22,223",500,"9,964"
2023,591.,REMNANT II®,0%,Rp 529999,82.01%,25 Jul,"147,108","1,254","110,856"
2023,594.,theHunter: Call of the Wild™ - Labrador Retriever,-40%,Rp 33899,67.23%,28 Nov,—,—,—
2023,607.,Wee Tanks!,-50%,Rp 45499,85.23%,16 May,"1,834",74,109
2023,620.,Ghostrunner 2,-75%,Rp 99999,78.67%,26 Oct,"31,043",95,"2,264"
2023,644.,Jagged Alliance 3,-50%,Rp 199999,87.21%,14 Jul,"62,974",336,"25,366"
2023,664.,Railway Empire 2,-45%,Rp 313499,70.28%,25 May,"19,578",244,"3,104"
2023,667.,Thief Simulator 2,-52%,Rp 79679,86.87%,04 Oct,"30,867",220,"4,152"
2023,672.,ARMORED CORE™ VI FIRES OF RUBICON™,0%,Rp 599000,90.02%,24 Aug,"211,333",943,"156,171"
2023,687.,Handyman Legend,0%,Rp 52999,85.84%,10 Mar,"15,583",102,"1,002"
2023,691.,Brotato,0%,Rp 47499,95.16%,23 Jun,"76,229","3,907","38,905"
2023,699.,Company of Heroes 3,0%,Rp 449999,56.68%,23 Feb,"141,755","1,820","36,646"
2023,720.,Trine 5: A Clockwork Conspiracy,-50%,Rp 122999,87.83%,31 Aug,"19,491",29,"1,584"
2023,733.,Super Bunny Man,-40%,Rp 78000,84.36%,16 May,"63,579",80,"1,343"
2023,735.,Voidtrain,-30%,Rp 172199,72.97%,09 May,"112,132",149,"7,824"
2023,745.,Call of Duty®: Modern Warfare®,0%,Rp 891000,77.79%,08 Mar,"44,121",397,"3,581"
2023,763.,Last Train Home,-50%,Rp 149999,84.01%,28 Nov,"63,939",93,"5,664"
2023,764.,Dead by Daylight - Nicolas Cage Chapter Pack,-50%,Rp 54945,84.10%,25 Jul,—,—,—
2023,767.,Forza Motorsport,0%,Rp 759000,48.16%,10 Oct,"33,749",849,"4,703"
2023,774.,Moonstone Island,-50%,Rp 82999,81.34%,20 Sep,"45,322",596,"3,451"
2023,775.,PAYDAY 3,0%,Rp 321000,43.80%,21 Sep,"183,534",400,"77,938"
2023,783.,FATAL FRAME / PROJECT ZERO: Mask of the Lunar Eclipse,-30%,Rp 263199,86.00%,09 Mar,"18,044",24,"1,372"
2023,801.,Victoria 3: Voice of the People,-40%,Rp 96599,28.39%,22 May,—,—,—
2023,823.,Planet of Lana,0%,Rp 164998,90.24%,23 May,"46,028",129,473
2023,826.,Sunkenland,0%,Rp 165999,80.19%,26 Aug,"152,571",534,"26,154"
2023,837.,theHunter: Call of the Wild™  - Ambusher Pack,-50%,Rp 23749,67.45%,10 Oct,—,—,—
2023,844.,SpellForce: Conquest of Eo,-60%,Rp 98399,77.87%,03 Feb,"24,780",113,"3,669"
2023,850.,Euro Truck Simulator 2 - West Balkans,0%,Rp 162999,81.20%,19 Oct,—,—,—
2023,855.,Trackmania,0%,Free,75.79%,02 Feb,"7,997","1,235","22,128"
2023,867.,Poly Bridge 3,-50%,Rp 82999,91.24%,30 May,"9,794",85,"1,147"
2023,871.,Demonologist,0%,Rp 165999,84.33%,25 Sep,"70,992",211,"8,806"
2023,877.,MARVEL SNAP,0%,Free,74.03%,22 Aug,"18,317","2,399","18,967"
2023,883.,Slay the Princess — The Pristine Cut,0%,Rp 152999,94.87%,23 Oct,"53,039",186,"2,583"
2023,905.,Forspoken,-70%,Rp 308700,61.43%,24 Jan,"76,177",33,"12,579"
2023,909.,HOT WHEELS UNLEASHED™ 2 - Turbocharged,-85%,Rp 104850,71.07%,19 Oct,"5,769",59,308
2023,911.,DREDGE - The Pale Reach,-25%,Rp 42749,68.82%,16 Nov,—,—,—
2023,914.,Barotrauma,0%,Rp 249999,92.36%,13 Mar,"143,530","2,344","19,655"
2023,918.,The Arrogant Kaiju Princess and The Detective Servant,-15%,Rp 111349,93.21%,21 Dec,"24,846",43,"1,907"
2024,9.,Black Myth: Wukong,-20%,Rp 559999,95.96%,20 Aug,"1,367,784","14,021","2,415,714"
2024,15.,EA SPORTS FC™ 25,-80%,Rp 47800,49.84%,27 Sep,"80,042","39,452","110,026"
2024,25.,HELLDIVERS™ 2,0%,Rp 579000,76.45%,08 Feb,"450,746","44,306","458,709"
2024,28.,Marvel Rivals,0%,Free,78.53%,06 Dec,"217,814","94,064","644,269"
2024,36.,NBA 2K25,-80%,Rp 177800,57.93%,28 Oct,"47,557","18,188","56,948"
2024,44.,Once Human,0%,Free,73.42%,09 Jul,"257,250","20,170","231,668"
2024,51.,Red Dead Redemption,-40%,Rp 437400,89.61%,29 Oct,"82,171","1,172","8,697"
2024,54.,Palworld,-25%,Rp 184499,93.18%,19 Jan,"589,557","20,003","2,101,867"
2024,64.,KINGDOM HEARTS -HD 1.5+2.5 ReMIX-,-40%,Rp 341400,81.53%,13 Jun,"28,761","1,236","11,152"
2024,69.,Delta Force,0%,Free,62.80%,04 Dec,"281,950","48,451","162,436"
2024,87.,Hades II,-10%,Rp 221399,93.31%,06 May,"245,144","11,387","103,567"
2024,88.,THRONE AND LIBERTY,0%,Free,67.37%,01 Oct,"150,661","9,455","336,300"
2024,99.,Path of Exile 2,0%,Rp 478185,69.45%,06 Dec,"342,421","10,717","578,569"
2024,101.,Farming Simulator 25,0%,Rp 544000,82.29%,12 Nov,"93,915","10,543","135,970"
2024,122.,Call of Duty®: Black Ops 6,0%,Rp 1040000,46.15%,25 Oct,—,—,—
2024,127.,Microsoft Flight Simulator 2024,0%,Rp 1040000,47.08%,19 Nov,"40,515","1,577","24,863"
2024,134.,The First Descendant,0%,Free,56.37%,30 Jun,"259,588","5,408","264,860"
2024,141.,Orebound,-50%,Rp 103499,72.85%,24 Oct,"12,901",341,926
2024,142.,Sons Of The Forest,0%,Rp 245999,86.87%,22 Feb,"582,775","4,777","414,257"
2024,145.,Satisfactory,0%,Rp 299999,96.03%,10 Sep,"384,155","19,540","186,158"
2024,157.,ELDEN RING Shadow of the Erdtree,0%,Rp 599000,69.68%,20 Jun,—,—,—
2024,163.,Nine Sols,-30%,Rp 172199,93.07%,29 May,"80,990",858,"6,568"
2024,168.,Enshrouded,0%,Rp 239999,85.20%,24 Jan,"345,809","7,366","160,405"
2024,171.,Balatro,0%,Rp 130999,96.70%,20 Feb,"92,946","15,851","43,905"
2024,174.,7 Days to Die,0%,Rp 338999,87.77%,25 Jul,"507,171","34,469","125,419"
2024,175.,Stolen Realm,-60%,Rp 66399,82.36%,08 Mar,"27,111","1,143","1,506"
2024,176.,WARNO,-50%,Rp 239500,78.95%,23 May,"77,670",922,"3,948"
2024,182.,No Rest for the Wicked,-30%,Rp 231000,77.31%,18 Apr,"148,920",690,"36,276"
2024,189.,Gray Zone Warfare,0%,Rp 399000,67.44%,30 Apr,"223,189","4,648","72,548"
2024,201.,"Warhammer 40,000: Space Marine 2",0%,Rp 549000,82.06%,09 Sep,"304,576","5,448","225,690"
2024,202.,Palia,0%,Free,83.78%,25 Mar,"68,339","9,311","18,179"
2024,210.,CarX Street,0%,Rp 299999,69.04%,29 Aug,"72,384","1,430","7,241"
2024,214.,Lust Goddess,0%,Free,55.27%,21 Feb,"28,062","2,158","5,885"
2024,216.,Le Mans Ultimate,0%,Rp 550000,76.42%,20 Feb,"30,905",789,"6,304"
2024,217.,Still Wakes the Deep,-59%,Rp 141523,86.54%,18 Jun,"39,799",256,927
2024,222.,ARK: Bob's Tall Tales,-40%,Rp 279650,50.89%,02 Apr,—,—,—
2024,227.,Factorio: Space Age,0%,Rp 300000,89.94%,21 Oct,—,—,—
2024,244.,God of War Ragnarök,0%,Rp 879000,84.86%,19 Sep,"97,667","1,619","35,615"
2024,250.,Luma Island,-20%,Rp 100000,81.39%,20 Nov,"51,770","1,485","35,098"
2024,253.,V Rising,0%,Rp 284999,87.75%,08 May,"289,587","6,678","150,645"
2024,255.,Aeons Echo,0%,Free,72.40%,22 Aug,"23,051",905,"3,341"
2024,258.,Ghost of Tsushima DIRECTOR'S CUT,0%,Rp 879000,92.29%,16 May,"180,305","2,153","77,154"
2024,260.,Romancing SaGa 2: Revenge of the Seven,-40%,Rp 437400,90.61%,24 Oct,"22,686",278,"16,429"
2024,284.,Victoria 3: Sphere of Influence,-20%,Rp 257599,70.76%,24 Jun,—,—,—
2024,286.,Fast Food Simulator,-30%,Rp 91699,90.47%,10 Dec,"31,130",705,"6,172"
2024,288.,Horny Villa,0%,Free,70.09%,07 Nov,"8,577","1,038","2,660"
2024,290.,Dystopika,-40%,Rp 39000,92.00%,21 Jun,"17,394",182,306
2024,293.,Chained Together,0%,Rp 47499,89.11%,19 Jun,"76,499",899,"94,480"
2024,296.,SMITE 2,0%,Free,56.81%,27 Aug,"58,280","5,091","21,481"
2024,306.,The Planet Crafter,0%,Rp 206999,94.36%,10 Apr,"161,142","4,084","28,416"
2024,311.,The Lord of the Rings: Return to Moria™,-40%,Rp 124199,80.65%,27 Aug,"60,642",820,"8,811"
2024,313.,Sky: Children of the Light,0%,Free,85.38%,10 Apr,"83,819","2,700","8,806"
2024,317.,Bodycam,0%,Rp 284999,73.76%,07 Jun,"259,985",358,"16,457"
2024,318.,Dragon Age™: The Veilguard,-50%,Rp 329500,68.58%,31 Oct,"97,740",964,"89,418"
2024,332.,Crime Scene Cleaner,-45%,Rp 164338,95.59%,14 Aug,"63,526",822,"13,577"
2024,341.,Breeze of Passion,0%,Rp 130999,82.89%,21 Oct,"6,429",145,385
2024,343.,Planet Coaster 2,0%,Rp 375999,64.92%,06 Nov,"46,098","1,038","20,048"
2024,344.,Summoners War,0%,Free,69.59%,08 Jan,"12,944","6,046","22,281"
2024,347.,The Sims™ 4 Life & Death Expansion Pack,-38%,Rp 296980,73.53%,31 Oct,—,—,—
2024,349.,Songs of Conquest,-70%,Rp 96600,83.67%,20 May,"93,156",327,"4,192"
2024,350.,The Outlast Trials,0%,Rp 299999,91.84%,05 Mar,"179,120","2,621","36,689"
2024,353.,Yarimono,-22%,Rp 161459,84.25%,30 Aug,"40,475",224,"2,607"
2024,355.,FOR HONOR™,0%,Rp 349000,68.95%,14 Mar,"282,834","2,357","225,831"
2024,359.,Risk of Rain 2: Seekers of the Storm,0%,Rp 80999,48.27%,27 Aug,—,—,—
2024,371.,Last Epoch,0%,Rp 284999,78.72%,21 Feb,"223,404","3,227","264,708"
2024,373.,Liar's Bar,0%,Rp 65000,89.67%,02 Oct,"124,679",571,"113,798"
2024,383.,TEKKEN 8,0%,Rp 599000,53.95%,25 Jan,"96,949","3,467","49,977"
2024,385.,Manor Lords,0%,Rp 299999,84.92%,26 Apr,"527,709","1,604","173,178"
2024,392.,FINAL FANTASY XVI,0%,Rp 729000,77.76%,17 Sep,"63,985","1,062","27,508"
2024,402.,RimWorld - Anomaly,0%,Rp 206999,78.78%,11 Apr,—,—,—
2024,403.,TCG Card Shop Simulator,0%,Rp 114999,95.14%,15 Sep,"66,077","1,729","53,453"
2024,405.,S.T.A.L.K.E.R. 2: Heart of Chornobyl,0%,Rp 665000,79.46%,20 Nov,"351,298","1,378","121,335"
2024,422.,Indiana Jones and the Great Circle,0%,Rp 999999,88.29%,09 Dec,"93,667",333,"12,138"
2024,428.,Pacific Drive,-50%,Rp 143500,81.85%,22 Feb,"108,494",504,"18,507"
2024,434.,The Spell Brigade,0%,Rp 90999,82.79%,16 Sep,"31,878","1,935","14,514"
2024,435.,Strinova,0%,Free,74.55%,21 Nov,"53,319","1,466","38,043"
2024,436.,Starward,0%,Free,61.85%,25 Apr,"5,737",310,"4,062"
2024,443.,The Sims™ 4 Lovestruck Expansion Pack,-50%,Rp 239500,46.53%,25 Jul,—,—,—
2024,444.,ASKA,-40%,Rp 99000,77.81%,20 Jun,"94,429",865,"10,713"
2024,445.,MiSide,0%,Rp 130999,96.55%,11 Dec,"121,121",586,"23,741"
2024,448.,Victoria 3: Pivot of Empire,-20%,Rp 86399,47.02%,21 Nov,—,—,—
2024,459.,Visions of Mana,-40%,Rp 527400,76.45%,29 Aug,"33,039",73,"6,976"
2024,461.,EA SPORTS™ Madden NFL 25,-80%,Rp 159800,54.50%,16 Aug,"4,311","1,722","5,917"
2024,465.,Expansion - Hearts of Iron IV: Götterdämmerung,0%,Rp 268999,68.72%,14 Nov,—,—,—
2024,472.,Disney Epic Mickey: Rebrushed,-60%,Rp 179999,89.17%,24 Sep,"15,601",77,"1,198"
2024,474.,DREDGE - The Iron Rig,-25%,Rp 104999,76.59%,15 Aug,—,—,—
2024,475.,Age of Mythology: Retold,0%,Rp 424500,87.95%,04 Sep,"108,514","1,802","25,879"
2024,481.,ANIMAL WELL,-25%,Rp 158250,93.64%,09 May,"53,888",232,"8,133"
2024,486.,Blade and Sorcery,0%,Rp 245999,94.94%,17 Jun,"83,060",637,"9,509"
2024,490.,LoveCraft,0%,Free,67.27%,09 Apr,"7,019",498,689
2024,496.,Drug Dealer Simulator 2,-47%,Rp 149533,55.32%,20 Jun,"29,377",260,"9,126"
2024,497.,Dead by Daylight - Castlevania Chapter,-30%,Rp 46375,78.80%,27 Aug,—,—,—
2024,501.,DRAGON BALL: Sparking! ZERO,0%,Rp 699000,87.75%,10 Oct,"181,404","1,063","122,554"
2024,504.,Ale & Tale Tavern,-40%,Rp 59999,86.48%,05 Sep,"38,984",627,"6,075"
2024,505.,Content Warning,0%,Rp 74000,93.47%,01 Apr,"96,927",749,"204,439"
2024,513.,Buckshot Roulette,0%,Rp 28999,94.55%,04 Apr,"66,069",842,"20,226"
2024,519.,Crusader Kings III: Roads to Power,0%,Rp 321999,80.49%,24 Sep,—,—,—
2024,532.,Void Crew,0%,Rp 219000,85.42%,25 Nov,"56,198",692,"4,722"
2024,540.,Abiotic Factor,0%,Rp 284999,94.38%,02 May,"99,658","1,494","21,753"
2024,561.,SILENT HILL 2,0%,Rp 937000,93.37%,08 Oct,"122,260","1,484","23,676"
